customerID,gender,SeniorCitizen,tenure,PhoneService,InternetService,MonthlyCharges,TotalCharges,Churn
CUST00001,Female,0,30,No,DSL,53.42,,No
CUST00002,Female,0,16,Yes,Fiber optic,82.08,1353.4,No
CUST00003,Male,0,69,Yes,DSL,37.17,2278.78,No
CUST00004,Female,1,27,Yes,DSL,57.86,1392.56,No
CUST00005,Male,1,2,No,Fiber optic,72.97,158.7,No
CUST00006,Female,0,38,Yes,DSL,93.09,3672.09,No
CUST00007,Female,0,58,Yes,DSL,61.34,3901.95,No
CUST00008,Male,0,65,No,DSL,64.28,4564.45,No
CUST00009,Male,0,5,No,No,68.85,322.05,No
CUST00010,Female,0,25,No,DSL,71.16,1938.26,No
CUST00011,Male,0,16,No,Fiber optic,47.6,770.21,No
CUST00012,Female,0,45,Yes,No,41.26,2090.25,No
CUST00013,Female,1,31,Yes,Fiber optic,75.21,2211.51,No
CUST00014,Male,1,2,Yes,No,68.87,,No
CUST00015,Female,0,19,Yes,Fiber optic,59.85,1077.51,No
CUST00016,Female,0,60,No,DSL,30.28,1633.45,No
CUST00017,Male,0,4,Yes,DSL,101.72,428.23,Yes
CUST00018,Male,1,7,No,Fiber optic,74.18,575.87,No
CUST00019,Male,0,0,Yes,No,85.89,,No
CUST00020,Female,1,25,Yes,Fiber optic,57.95,1568.51,No
CUST00021,Male,0,13,No,No,73.66,1074.47,No
CUST00022,Male,0,69,No,Fiber optic,24.05,2301.0,Yes
CUST00023,Male,0,56,Yes,Fiber optic,58.92,3425.66,No
CUST00024,Female,0,14,No,DSL,44.84,588.88,No
CUST00025,Male,0,7,No,DSL,80.63,624.58,Yes
CUST00026,Male,0,51,No,DSL,47.46,2409.34,No
CUST00027,Male,0,62,No,Fiber optic,69.85,3793.69,No
CUST00028,Female,0,5,No,Fiber optic,85.76,420.97,Yes
CUST00029,Female,0,58,Yes,Fiber optic,46.86,3022.43,No
CUST00030,Female,1,35,No,No,96.71,3678.54,No
CUST00031,Female,1,37,Yes,Fiber optic,46.41,1663.83,No
CUST00032,Female,0,69,Yes,Fiber optic,41.44,2806.77,No
CUST00033,Female,0,51,No,DSL,57.77,2640.71,No
CUST00034,Female,0,42,Yes,DSL,57.76,2314.54,No
CUST00035,Female,0,67,Yes,No,64.57,3733.32,No
CUST00036,Female,0,54,No,DSL,95.4,5221.55,No
CUST00037,Male,0,62,No,Fiber optic,91.76,5412.4,No
CUST00038,Male,0,0,No,Fiber optic,84.92,,No
CUST00039,Male,1,9,No,Fiber optic,76.97,667.43,No
CUST00040,Male,0,71,No,Fiber optic,54.0,3152.14,No
CUST00041,Female,1,35,No,No,69.85,,No
CUST00042,Male,0,26,Yes,DSL,55.69,1256.59,No
CUST00043,Female,0,7,Yes,DSL,66.85,507.93,No
CUST00044,Female,0,34,No,Fiber optic,68.65,2471.75,No
CUST00045,Female,1,47,Yes,DSL,62.35,2683.58,No
CUST00046,Male,0,48,No,DSL,61.34,3321.99,No
CUST00047,Male,0,8,No,No,82.44,652.86,No
CUST00048,Male,0,11,No,Fiber optic,66.41,802.54,No
CUST00049,Male,0,61,No,Fiber optic,25.11,1951.01,No
CUST00050,Male,0,23,Yes,Fiber optic,51.11,1281.6,No
CUST00051,Male,0,10,Yes,No,71.55,698.73,Yes
CUST00052,Female,0,6,Yes,Fiber optic,93.55,544.44,No
CUST00053,Male,0,14,Yes,DSL,26.07,500.31,No
CUST00054,Male,1,54,Yes,DSL,20.07,1332.1,No
CUST00055,Female,0,24,Yes,DSL,67.75,1549.25,No
CUST00056,Male,0,5,Yes,Fiber optic,89.78,419.91,Yes
CUST00057,Male,1,4,Yes,Fiber optic,89.99,384.2,No
CUST00058,Female,1,9,No,No,83.29,,No
CUST00059,Male,0,13,Yes,No,93.99,1228.45,No
CUST00060,Female,0,25,Yes,Fiber optic,51.87,1156.67,Yes
CUST00061,Male,0,0,No,DSL,61.94,,No
CUST00062,Male,0,3,No,Fiber optic,78.4,231.92,Yes
CUST00063,Female,0,5,No,DSL,91.33,466.36,No
CUST00064,Male,0,59,No,No,37.54,2702.67,No
CUST00065,Female,0,11,Yes,Fiber optic,72.31,832.64,No
CUST00066,Male,1,48,Yes,Fiber optic,85.17,4089.18,Yes
CUST00067,Female,0,28,Yes,No,84.02,2328.59,No
CUST00068,Female,0,29,No,Fiber optic,80.36,2161.44,No
CUST00069,Female,0,6,No,Fiber optic,73.41,,No
CUST00070,Male,0,10,Yes,DSL,67.37,659.17,No
CUST00071,Male,0,58,Yes,Fiber optic,54.56,3312.91,No
CUST00072,Female,0,45,Yes,No,61.05,3189.34,No
CUST00073,Male,0,34,Yes,No,41.11,1627.58,No
CUST00074,Male,1,29,Yes,DSL,97.47,2922.7,Yes
CUST00075,Male,0,19,No,Fiber optic,51.14,894.07,Yes
CUST00076,Male,1,30,Yes,No,38.9,1256.11,Yes
CUST00077,Male,0,59,Yes,DSL,36.94,2463.25,No
CUST00078,Female,0,13,Yes,No,65.26,781.22,No
CUST00079,Male,0,5,Yes,Fiber optic,60.35,344.05,Yes
CUST00080,Female,0,45,No,DSL,34.81,1524.71,No
CUST00081,Male,0,7,Yes,DSL,73.5,534.07,No
CUST00082,Male,0,48,Yes,Fiber optic,40.39,2317.88,No
CUST00083,Female,0,4,No,No,71.59,297.8,Yes
CUST00084,Female,0,3,Yes,Fiber optic,67.98,228.13,No
CUST00085,Female,0,17,No,DSL,78.71,1179.45,No
CUST00086,Female,0,50,Yes,DSL,57.74,3371.15,No
CUST00087,Female,0,40,Yes,Fiber optic,83.39,3580.33,No
CUST00088,Female,1,5,Yes,No,85.49,461.49,Yes
CUST00089,Male,0,45,No,DSL,46.55,2200.05,No
CUST00090,Female,0,36,Yes,DSL,48.92,1798.68,No
CUST00091,Female,1,60,Yes,Fiber optic,47.3,3009.05,Yes
CUST00092,Male,0,64,No,DSL,22.06,1482.42,No
CUST00093,Female,1,1,Yes,DSL,78.57,78.12,No
CUST00094,Male,1,67,Yes,No,68.68,4581.37,No
CUST00095,Male,0,54,Yes,No,85.09,4255.6,No
CUST00096,Male,1,33,No,Fiber optic,20.8,806.28,Yes
CUST00097,Male,1,41,No,No,22.66,1003.1,Yes
CUST00098,Male,1,67,Yes,DSL,76.52,5772.36,Yes
CUST00099,Male,0,9,Yes,Fiber optic,85.72,800.26,No
CUST00100,Male,0,14,No,DSL,42.1,478.8,No
CUST00101,Male,0,36,Yes,DSL,86.68,3334.17,No
CUST00102,Male,1,9,No,DSL,70.51,616.81,Yes
CUST00103,Male,1,69,No,Fiber optic,45.24,3511.79,Yes
CUST00104,Female,1,50,Yes,Fiber optic,51.98,2688.56,No
CUST00105,Male,0,21,Yes,DSL,72.03,1631.07,No
CUST00106,Female,1,62,Yes,DSL,41.95,,Yes
CUST00107,Female,1,23,No,DSL,51.26,1244.04,No
CUST00108,Male,0,37,Yes,DSL,45.25,1720.18,No
CUST00109,Female,1,12,Yes,DSL,89.58,1160.72,No
CUST00110,Male,0,54,Yes,DSL,77.95,3867.16,No
CUST00111,Male,0,58,Yes,Fiber optic,64.21,,Yes
CUST00112,Male,1,12,No,DSL,93.26,1168.04,Yes
CUST00113,Female,0,21,No,DSL,73.64,1668.12,No
CUST00114,Male,0,1,Yes,DSL,83.32,92.64,No
CUST00115,Male,0,42,Yes,Fiber optic,93.86,4200.82,No
CUST00116,Male,0,11,Yes,Fiber optic,94.72,1114.23,No
CUST00117,Female,1,55,Yes,No,40.65,2669.91,No
CUST00118,Male,0,61,No,Fiber optic,45.03,,No
CUST00119,Female,0,24,No,Fiber optic,41.93,1187.22,No
CUST00120,Female,0,23,Yes,No,84.11,2116.01,No
CUST00121,Male,0,12,Yes,DSL,28.53,225.26,No
CUST00122,Male,0,20,No,Fiber optic,41.61,654.37,No
CUST00123,Male,0,50,Yes,No,40.87,1841.09,No
CUST00124,Female,0,59,No,No,34.01,2268.81,No
CUST00125,Female,0,12,No,DSL,92.63,1211.71,No
CUST00126,Male,1,2,Yes,No,105.84,200.15,Yes
CUST00127,Male,1,60,Yes,Fiber optic,92.42,6056.77,No
CUST00128,Female,0,68,Yes,Fiber optic,80.31,5579.34,Yes
CUST00129,Male,0,22,No,DSL,47.06,985.3,No
CUST00130,Male,0,26,No,Fiber optic,69.88,1690.78,No
CUST00131,Male,0,4,Yes,DSL,75.4,265.62,Yes
CUST00132,Male,0,40,Yes,DSL,20.68,954.81,No
CUST00133,Male,0,53,Yes,Fiber optic,96.45,5369.16,No
CUST00134,Male,0,58,No,Fiber optic,68.72,4157.34,No
CUST00135,Female,0,32,No,Fiber optic,90.27,2695.33,Yes
CUST00136,Female,0,24,Yes,No,86.81,2305.06,No
CUST00137,Female,0,39,Yes,DSL,69.72,2750.22,No
CUST00138,Female,0,42,Yes,DSL,35.44,1810.41,No
CUST00139,Male,0,6,Yes,No,107.52,588.41,No
CUST00140,Male,0,2,Yes,No,104.33,216.67,Yes
CUST00141,Female,0,8,No,Fiber optic,67.44,582.68,No
CUST00142,Male,1,10,No,DSL,96.56,937.6,Yes
CUST00143,Female,1,68,Yes,No,31.73,,No
CUST00144,Female,0,22,No,DSL,54.43,1281.92,No
CUST00145,Male,0,0,Yes,Fiber optic,97.16,,Yes
CUST00146,Female,0,53,No,No,22.79,1105.08,No
CUST00147,Male,0,3,Yes,Fiber optic,95.94,286.64,Yes
CUST00148,Male,1,5,Yes,No,65.97,304.24,No
CUST00149,Female,1,1,No,No,69.51,61.38,No
CUST00150,Female,1,2,No,No,100.01,217.88,Yes
CUST00151,Male,0,9,Yes,DSL,69.31,574.55,No
CUST00152,Female,1,6,No,DSL,77.57,446.05,No
CUST00153,Female,0,70,No,Fiber optic,56.65,4641.23,Yes
CUST00154,Male,0,5,No,Fiber optic,63.01,276.92,No
CUST00155,Female,0,49,Yes,DSL,55.96,3087.76,No
CUST00156,Female,0,11,No,No,89.26,1071.39,Yes
CUST00157,Female,0,37,Yes,DSL,55.09,1797.15,No
CUST00158,Male,0,6,No,DSL,84.27,489.47,Yes
CUST00159,Male,0,27,Yes,No,87.66,2400.03,No
CUST00160,Male,0,26,No,DSL,69.97,2012.99,No
CUST00161,Male,0,23,No,DSL,56.08,,No
CUST00162,Male,1,10,Yes,DSL,76.97,858.94,No
CUST00163,Male,1,54,Yes,DSL,91.32,4618.59,No
CUST00164,Female,1,7,No,DSL,101.71,709.06,Yes
CUST00165,Male,1,10,Yes,DSL,68.12,,No
CUST00166,Female,0,66,Yes,DSL,49.9,3005.33,No
CUST00167,Female,1,4,No,DSL,84.04,311.8,Yes
CUST00168,Female,1,6,Yes,DSL,91.59,554.27,No
CUST00169,Female,0,10,Yes,No,69.26,786.46,No
CUST00170,Female,0,4,No,Fiber optic,64.82,267.61,No
CUST00171,Female,0,15,Yes,DSL,60.58,766.32,No
CUST00172,Male,0,5,No,Fiber optic,88.4,412.86,Yes
CUST00173,Male,0,72,Yes,Fiber optic,68.31,5609.1,No
CUST00174,Male,0,51,No,DSL,27.3,1518.38,No
CUST00175,Male,0,2,No,DSL,84.58,169.94,Yes
CUST00176,Male,1,14,No,Fiber optic,68.57,958.49,Yes
CUST00177,Male,0,13,Yes,No,67.61,,No
CUST00178,Male,0,35,No,Fiber optic,94.84,3354.24,No
CUST00179,Female,0,4,No,Fiber optic,100.09,372.23,Yes
CUST00180,Male,0,63,Yes,DSL,81.39,4510.47,No
CUST00181,Female,0,22,Yes,Fiber optic,38.96,701.34,No
CUST00182,Female,1,34,No,Fiber optic,35.57,958.34,No
CUST00183,Male,0,71,No,DSL,89.28,5663.78,No
CUST00184,Female,0,16,Yes,Fiber optic,53.63,965.74,No
CUST00185,Male,1,8,No,Fiber optic,102.05,851.35,Yes
CUST00186,Male,1,11,No,DSL,89.82,972.98,Yes
CUST00187,Female,1,66,No,Fiber optic,52.56,,No
CUST00188,Male,0,21,Yes,DSL,84.46,1746.29,No
CUST00189,Female,1,58,Yes,DSL,88.7,5094.69,No
CUST00190,Male,0,30,No,Fiber optic,48.63,1317.86,No
CUST00191,Male,0,6,Yes,Fiber optic,89.66,544.22,No
CUST00192,Female,0,72,Yes,DSL,60.59,3709.92,No
CUST00193,Female,0,60,No,DSL,86.28,5118.75,No
CUST00194,Male,0,68,No,DSL,22.09,920.17,No
CUST00195,Male,0,40,No,DSL,32.41,1447.08,No
CUST00196,Male,0,1,Yes,DSL,76.47,82.84,Yes
CUST00197,Female,0,47,No,No,36.88,1553.71,No
CUST00198,Female,0,41,Yes,No,51.75,2375.03,No
CUST00199,Male,0,62,Yes,Fiber optic,54.45,3983.83,No
CUST00200,Female,0,43,No,DSL,40.75,1870.96,No
CUST00201,Male,0,31,No,Fiber optic,99.5,2866.62,Yes
CUST00202,Female,0,3,Yes,DSL,90.81,244.09,Yes
CUST00203,Female,0,6,No,DSL,81.85,550.78,Yes
CUST00204,Male,0,53,Yes,DSL,26.5,884.34,No
CUST00205,Male,0,9,No,DSL,81.28,659.26,Yes
CUST00206,Female,0,35,Yes,DSL,62.17,2214.85,No
CUST00207,Female,0,3,Yes,No,84.58,247.94,Yes
CUST00208,Female,0,22,No,No,67.43,1679.75,No
CUST00209,Female,0,43,Yes,DSL,23.71,1071.76,No
CUST00210,Female,0,19,Yes,Fiber optic,99.07,1919.61,No
CUST00211,Male,0,10,Yes,No,97.45,1058.15,Yes
CUST00212,Female,1,20,No,Fiber optic,23.01,477.29,No
CUST00213,Male,1,2,Yes,Fiber optic,101.98,213.48,No
CUST00214,Male,0,60,No,No,30.16,2368.39,No
CUST00215,Female,1,30,No,DSL,89.16,2375.6,No
CUST00216,Male,0,69,Yes,Fiber optic,45.43,3225.11,No
CUST00217,Male,0,51,Yes,Fiber optic,99.08,4860.11,No
CUST00218,Female,0,50,Yes,Fiber optic,65.12,3158.23,Yes
CUST00219,Female,0,43,No,Fiber optic,52.26,2385.7,No
CUST00220,Female,0,1,No,Fiber optic,60.82,55.98,No
CUST00221,Female,1,4,No,Fiber optic,60.27,280.49,No
CUST00222,Female,0,4,No,DSL,71.12,272.25,Yes
CUST00223,Male,0,64,Yes,DSL,92.55,6093.19,No
CUST00224,Female,0,30,No,DSL,82.57,2768.1,No
CUST00225,Female,0,10,No,Fiber optic,102.91,1079.33,No
CUST00226,Female,0,45,Yes,Fiber optic,71.8,3274.51,No
CUST00227,Female,0,25,Yes,No,46.17,947.66,No
CUST00228,Male,0,3,Yes,Fiber optic,85.22,272.06,Yes
CUST00229,Female,0,49,Yes,Fiber optic,31.76,1611.94,Yes
CUST00230,Female,0,8,No,Fiber optic,109.19,927.05,No
CUST00231,Male,0,11,No,DSL,91.98,,Yes
CUST00232,Female,0,0,Yes,No,93.28,,Yes
CUST00233,Male,0,2,No,Fiber optic,79.52,142.27,Yes
CUST00234,Male,0,3,No,DSL,77.44,219.03,No
CUST00235,Female,0,3,No,No,85.21,273.74,Yes
CUST00236,Male,0,1,No,Fiber optic,90.97,88.25,No
CUST00237,Male,0,64,Yes,DSL,41.4,2984.33,No
CUST00238,Male,0,57,Yes,Fiber optic,98.11,5656.14,No
CUST00239,Female,0,35,Yes,No,93.19,2967.27,No
CUST00240,Female,0,9,No,DSL,71.72,558.0,Yes
CUST00241,Male,0,46,No,Fiber optic,39.98,1787.55,Yes
CUST00242,Male,0,10,No,Fiber optic,71.81,,Yes
CUST00243,Male,1,35,No,Fiber optic,28.71,884.48,Yes
CUST00244,Female,1,51,No,Fiber optic,72.58,3991.08,No
CUST00245,Male,0,6,Yes,Fiber optic,95.46,616.94,Yes
CUST00246,Female,0,38,No,No,81.94,3108.92,No
CUST00247,Female,0,46,No,Fiber optic,79.26,3616.07,No
CUST00248,Male,0,44,No,Fiber optic,77.81,3703.64,No
CUST00249,Male,0,32,Yes,Fiber optic,27.41,1172.84,Yes
CUST00250,Male,0,70,Yes,DSL,80.32,5337.92,No
CUST00251,Male,1,56,Yes,Fiber optic,89.61,4898.33,Yes
CUST00252,Female,0,34,No,DSL,52.01,1728.6,No
CUST00253,Male,1,22,No,Fiber optic,35.35,824.61,No
CUST00254,Male,0,7,Yes,Fiber optic,103.18,676.18,Yes
CUST00255,Male,0,11,No,DSL,67.38,648.59,No
CUST00256,Male,0,13,Yes,DSL,67.19,967.18,No
CUST00257,Female,0,52,No,Fiber optic,51.37,2209.02,Yes
CUST00258,Female,1,39,Yes,DSL,35.27,1612.02,No
CUST00259,Male,0,23,Yes,Fiber optic,89.67,2103.6,No
CUST00260,Male,1,64,No,DSL,47.46,3225.46,No
CUST00261,Female,0,69,Yes,DSL,50.79,3011.94,No
CUST00262,Female,0,54,Yes,DSL,92.02,4871.54,No
CUST00263,Male,0,27,Yes,Fiber optic,84.32,2276.47,Yes
CUST00264,Female,1,6,No,DSL,102.45,563.72,Yes
CUST00265,Female,0,33,No,DSL,82.54,2748.08,No
CUST00266,Female,0,46,Yes,Fiber optic,52.69,2149.55,No
CUST00267,Female,0,13,Yes,Fiber optic,58.19,722.49,No
CUST00268,Female,1,6,No,Fiber optic,101.38,562.63,No
CUST00269,Female,1,53,Yes,Fiber optic,93.82,4787.3,Yes
CUST00270,Male,1,4,Yes,No,63.57,249.97,Yes
CUST00271,Female,0,4,Yes,Fiber optic,99.96,410.36,Yes
CUST00272,Female,0,34,No,Fiber optic,51.51,1857.09,No
CUST00273,Male,0,37,Yes,DSL,90.46,3520.65,No
CUST00274,Female,0,16,Yes,No,72.74,1007.27,No
CUST00275,Male,0,49,Yes,DSL,77.79,3976.47,No
CUST00276,Female,0,63,No,DSL,68.71,4008.88,No
CUST00277,Male,0,3,Yes,Fiber optic,93.86,267.14,Yes
CUST00278,Female,0,68,No,DSL,68.57,5208.03,No
CUST00279,Male,0,2,Yes,DSL,107.4,220.22,Yes
CUST00280,Female,1,55,Yes,Fiber optic,97.99,4998.99,Yes
CUST00281,Male,0,1,Yes,Fiber optic,62.96,57.36,No
CUST00282,Male,0,36,No,Fiber optic,68.32,2593.54,Yes
CUST00283,Male,0,9,No,DSL,64.21,659.14,No
CUST00284,Female,0,37,No,Fiber optic,47.05,1613.23,No
CUST00285,Male,0,11,No,Fiber optic,101.78,1216.23,No
CUST00286,Female,0,31,Yes,No,22.45,657.76,No
CUST00287,Female,0,40,Yes,Fiber optic,80.61,3450.78,No
CUST00288,Male,0,20,No,Fiber optic,72.3,1457.48,No
CUST00289,Male,0,12,No,No,68.71,813.73,No
CUST00290,Male,0,44,No,DSL,25.41,1444.95,No
CUST00291,Female,1,8,No,Fiber optic,73.98,594.09,Yes
CUST00292,Female,0,5,Yes,DSL,65.57,364.98,No
CUST00293,Male,1,12,No,Fiber optic,94.29,1034.17,Yes
CUST00294,Female,0,64,No,DSL,35.5,2278.13,No
CUST00295,Male,0,38,Yes,Fiber optic,61.58,2176.4,No
CUST00296,Female,1,51,No,No,21.03,1581.08,Yes
CUST00297,Male,0,6,No,Fiber optic,101.6,663.45,Yes
CUST00298,Female,0,45,Yes,Fiber optic,28.61,1394.33,Yes
CUST00299,Male,0,42,Yes,DSL,28.66,810.63,No
CUST00300,Male,0,59,No,DSL,59.26,3796.38,No
CUST00301,Male,1,71,Yes,DSL,47.1,3094.55,Yes
CUST00302,Male,1,24,Yes,Fiber optic,80.86,2110.16,No
CUST00303,Male,0,12,Yes,DSL,62.63,709.15,No
CUST00304,Female,0,54,Yes,DSL,93.77,5510.95,No
CUST00305,Female,0,32,Yes,No,98.37,2981.9,No
CUST00306,Female,0,15,No,DSL,50.56,723.78,No
CUST00307,Female,0,12,Yes,No,84.11,982.47,No
CUST00308,Female,0,3,No,Fiber optic,76.82,259.18,Yes
CUST00309,Male,0,7,Yes,DSL,61.45,466.44,No
CUST00310,Male,0,12,No,DSL,65.76,788.07,No
CUST00311,Male,1,26,No,Fiber optic,50.25,1110.38,No
CUST00312,Male,0,26,No,DSL,48.41,1201.27,No
CUST00313,Male,0,11,Yes,Fiber optic,67.01,785.78,No
CUST00314,Female,1,57,Yes,No,37.01,2137.36,No
CUST00315,Male,0,60,Yes,DSL,61.61,3391.5,No
CUST00316,Male,0,12,Yes,Fiber optic,62.4,799.75,No
CUST00317,Male,0,21,No,Fiber optic,28.61,467.19,No
CUST00318,Female,0,19,No,DSL,87.32,1559.84,No
CUST00319,Female,0,50,Yes,DSL,33.26,1955.74,No
CUST00320,Female,0,64,Yes,Fiber optic,32.26,2416.14,Yes
CUST00321,Male,0,31,No,Fiber optic,71.41,2403.07,No
CUST00322,Male,0,61,Yes,Fiber optic,84.39,5122.36,Yes
CUST00323,Male,0,14,No,Fiber optic,28.06,305.95,Yes
CUST00324,Male,0,44,Yes,Fiber optic,32.54,1614.31,No
CUST00325,Female,0,51,No,DSL,71.61,3715.99,No
CUST00326,Female,0,49,No,Fiber optic,30.08,1219.04,No
CUST00327,Female,0,5,No,Fiber optic,78.21,355.41,Yes
CUST00328,Female,0,64,No,No,87.05,5457.2,No
CUST00329,Female,1,3,Yes,Fiber optic,94.92,310.36,No
CUST00330,Male,0,0,No,Fiber optic,72.53,,No
CUST00331,Male,0,11,Yes,DSL,92.04,1093.34,Yes
CUST00332,Female,0,51,No,Fiber optic,81.82,,No
CUST00333,Female,0,32,Yes,No,80.58,2694.9,No
CUST00334,Male,0,9,Yes,Fiber optic,62.7,573.53,No
CUST00335,Male,1,10,Yes,No,105.08,1124.48,No
CUST00336,Male,0,68,No,Fiber optic,34.77,2063.48,Yes
CUST00337,Female,0,16,No,Fiber optic,61.64,1059.8,Yes
CUST00338,Female,0,9,No,Fiber optic,65.78,508.32,No
CUST00339,Female,0,0,Yes,DSL,96.71,,Yes
CUST00340,Male,0,11,Yes,DSL,65.42,658.37,No
CUST00341,Male,0,2,Yes,DSL,87.55,186.83,No
CUST00342,Male,1,27,Yes,DSL,39.55,1288.63,No
CUST00343,Female,0,10,Yes,DSL,94.64,944.94,No
CUST00344,Female,0,13,Yes,DSL,91.65,1086.15,No
CUST00345,Male,0,2,No,DSL,69.53,130.6,No
CUST00346,Male,0,5,No,DSL,71.78,322.47,Yes
CUST00347,Female,0,60,No,DSL,84.26,5496.75,No
CUST00348,Male,1,6,Yes,DSL,91.19,532.08,No
CUST00349,Female,0,15,No,Fiber optic,75.93,1136.92,Yes
CUST00350,Male,0,5,Yes,DSL,72.06,356.1,Yes
CUST00351,Female,0,39,Yes,DSL,25.26,837.11,No
CUST00352,Male,0,66,No,DSL,99.18,6744.52,No
CUST00353,Male,0,72,Yes,Fiber optic,41.94,3617.85,No
CUST00354,Female,0,2,No,Fiber optic,75.17,158.18,Yes
CUST00355,Male,1,12,Yes,DSL,76.41,957.55,Yes
CUST00356,Male,0,35,Yes,Fiber optic,55.64,1861.42,No
CUST00357,Female,1,47,Yes,Fiber optic,74.28,3237.42,Yes
CUST00358,Male,0,31,No,Fiber optic,59.11,2090.39,No
CUST00359,Female,0,31,Yes,DSL,28.57,1137.17,No
CUST00360,Female,1,48,No,Fiber optic,85.26,4340.14,Yes
CUST00361,Male,0,5,Yes,No,90.66,448.21,Yes
CUST00362,Male,0,33,No,Fiber optic,43.46,,Yes
CUST00363,Female,0,53,Yes,DSL,89.19,4495.66,No
CUST00364,Female,0,50,Yes,Fiber optic,74.65,3980.94,Yes
CUST00365,Female,1,0,Yes,Fiber optic,79.38,,No
CUST00366,Male,0,29,No,DSL,93.77,2994.12,No
CUST00367,Male,0,52,Yes,Fiber optic,40.97,1659.29,Yes
CUST00368,Female,0,0,No,Fiber optic,70.82,,Yes
CUST00369,Female,0,2,No,DSL,71.71,127.76,No
CUST00370,Male,0,0,Yes,Fiber optic,62.89,,No
CUST00371,Female,0,30,Yes,DSL,31.29,1121.87,No
CUST00372,Female,1,51,Yes,No,35.44,1501.76,No
CUST00373,Male,0,54,No,DSL,33.63,,No
CUST00374,Male,0,4,No,DSL,95.15,347.18,No
CUST00375,Female,0,63,No,Fiber optic,75.17,4919.58,No
CUST00376,Female,0,68,No,DSL,86.59,6172.64,No
CUST00377,Male,0,12,No,Fiber optic,35.77,411.36,No
CUST00378,Female,0,27,No,No,40.57,1082.03,No
CUST00379,Female,0,5,Yes,DSL,77.28,365.97,Yes
CUST00380,Male,0,12,No,DSL,95.1,1069.07,No
CUST00381,Female,0,50,Yes,No,52.98,2762.32,No
CUST00382,Female,0,8,Yes,Fiber optic,77.49,578.29,Yes
CUST00383,Female,0,16,No,DSL,27.3,538.91,No
CUST00384,Male,0,5,No,Fiber optic,90.18,455.5,Yes
CUST00385,Male,0,22,No,Fiber optic,73.11,1422.05,No
CUST00386,Male,0,38,No,Fiber optic,53.0,1974.23,No
CUST00387,Male,0,30,Yes,Fiber optic,60.69,1749.61,No
CUST00388,Male,0,11,Yes,No,72.55,759.97,Yes
CUST00389,Female,0,40,Yes,Fiber optic,57.07,2636.61,No
CUST00390,Female,1,15,Yes,DSL,55.34,701.97,Yes
CUST00391,Female,0,14,Yes,Fiber optic,34.3,500.21,No
CUST00392,Female,0,69,No,Fiber optic,34.8,,No
CUST00393,Male,1,33,Yes,Fiber optic,62.44,2335.24,Yes
CUST00394,Female,0,10,No,DSL,85.2,796.24,Yes
CUST00395,Female,0,22,No,DSL,22.34,293.8,No
CUST00396,Male,1,7,Yes,No,95.93,642.53,No
CUST00397,Male,0,4,No,No,67.6,,No
CUST00398,Male,0,5,Yes,Fiber optic,61.96,333.14,Yes
CUST00399,Male,0,68,No,No,22.25,,No
CUST00400,Male,0,1,No,DSL,70.48,60.68,Yes
CUST00401,Male,0,61,No,Fiber optic,33.74,2548.23,No
CUST00402,Female,0,42,No,No,56.16,2698.36,No
CUST00403,Male,0,8,No,No,107.0,875.62,Yes
CUST00404,Female,1,49,Yes,DSL,98.2,4461.54,No
CUST00405,Female,1,12,Yes,No,89.96,1045.69,No
CUST00406,Female,1,61,Yes,Fiber optic,81.52,4956.03,No
CUST00407,Male,0,10,No,Fiber optic,97.87,917.95,No
CUST00408,Female,0,37,No,DSL,59.73,2493.17,No
CUST00409,Female,0,15,No,No,89.94,1275.61,No
CUST00410,Female,0,30,No,DSL,34.52,1156.27,No
CUST00411,Male,0,15,No,DSL,94.37,1351.2,No
CUST00412,Female,0,6,No,Fiber optic,73.76,445.91,Yes
CUST00413,Male,1,58,Yes,No,47.15,2392.81,No
CUST00414,Female,0,53,No,Fiber optic,59.83,3062.51,No
CUST00415,Female,0,43,Yes,Fiber optic,36.55,1195.08,No
CUST00416,Male,0,0,No,DSL,74.62,,No
CUST00417,Female,0,1,No,DSL,105.26,95.79,Yes
CUST00418,Male,0,1,Yes,No,68.26,67.51,No
CUST00419,Male,0,52,Yes,Fiber optic,20.23,1409.46,No
CUST00420,Female,0,3,Yes,Fiber optic,70.02,206.9,Yes
CUST00421,Male,0,56,No,No,62.18,3501.63,No
CUST00422,Male,0,59,No,DSL,41.85,2949.22,No
CUST00423,Male,0,56,Yes,Fiber optic,47.52,3131.99,No
CUST00424,Male,0,26,Yes,DSL,46.05,1040.16,No
CUST00425,Male,0,24,No,Fiber optic,25.88,476.4,No
CUST00426,Male,0,8,No,Fiber optic,75.99,556.58,Yes
CUST00427,Female,0,8,No,Fiber optic,84.88,683.57,No
CUST00428,Female,0,7,Yes,Fiber optic,101.02,715.79,No
CUST00429,Female,0,8,Yes,DSL,87.68,710.45,No
CUST00430,Male,0,26,No,Fiber optic,26.36,541.15,No
CUST00431,Male,0,39,Yes,No,88.04,3534.89,No
CUST00432,Female,0,49,No,Fiber optic,29.09,1403.35,No
CUST00433,Female,0,32,Yes,DSL,72.41,2582.44,No
CUST00434,Male,0,35,Yes,Fiber optic,77.57,2665.24,No
CUST00435,Male,0,66,Yes,DSL,39.14,2095.65,No
CUST00436,Female,0,44,No,No,48.25,2187.47,No
CUST00437,Male,0,7,No,Fiber optic,64.22,516.84,No
CUST00438,Male,0,46,Yes,DSL,97.04,4900.97,No
CUST00439,Female,0,51,Yes,No,43.17,2051.48,No
CUST00440,Male,0,55,No,DSL,34.04,2301.92,No
CUST00441,Female,0,26,No,DSL,36.41,903.87,No
CUST00442,Male,0,23,Yes,Fiber optic,28.67,464.23,No
CUST00443,Female,0,13,No,DSL,87.43,1202.43,No
CUST00444,Male,0,9,Yes,DSL,105.14,926.06,Yes
CUST00445,Male,0,52,Yes,DSL,33.65,1706.13,No
CUST00446,Male,0,1,No,Fiber optic,92.64,95.38,Yes
CUST00447,Female,1,6,No,Fiber optic,108.79,699.59,No
CUST00448,Male,1,9,Yes,Fiber optic,89.82,829.83,Yes
CUST00449,Male,0,45,No,DSL,43.16,2002.26,No
CUST00450,Male,0,12,No,DSL,67.92,759.68,No
CUST00451,Male,0,34,Yes,Fiber optic,68.52,2088.61,No
CUST00452,Male,1,14,Yes,Fiber optic,52.91,617.65,Yes
CUST00453,Male,0,39,Yes,DSL,59.42,2033.01,No
CUST00454,Female,0,33,No,Fiber optic,63.07,2195.86,No
CUST00455,Female,0,22,Yes,DSL,93.23,2126.21,No
CUST00456,Female,0,0,No,No,70.24,,Yes
CUST00457,Female,0,4,Yes,No,64.01,223.56,No
CUST00458,Male,0,53,No,Fiber optic,90.65,4551.12,No
CUST00459,Male,0,7,Yes,DSL,95.32,608.3,Yes
CUST00460,Female,1,3,No,Fiber optic,106.03,303.68,No
CUST00461,Female,0,20,Yes,DSL,81.51,1647.61,No
CUST00462,Female,0,56,Yes,No,78.01,4664.49,No
CUST00463,Male,0,18,Yes,Fiber optic,75.58,1262.56,No
CUST00464,Female,0,25,No,Fiber optic,88.41,2210.78,No
CUST00465,Female,0,54,No,No,33.43,2167.39,No
CUST00466,Male,1,68,Yes,Fiber optic,87.79,5564.3,No
CUST00467,Male,0,34,Yes,DSL,72.32,2781.04,No
CUST00468,Male,0,12,Yes,Fiber optic,99.1,1075.79,No
CUST00469,Female,0,55,No,Fiber optic,49.53,2732.14,No
CUST00470,Male,1,4,No,DSL,68.98,305.01,No
CUST00471,Male,0,29,No,Fiber optic,27.24,569.79,No
CUST00472,Female,0,5,Yes,DSL,107.65,582.55,No
CUST00473,Male,0,9,Yes,Fiber optic,79.2,696.26,No
CUST00474,Male,0,60,Yes,DSL,91.47,5406.59,No
CUST00475,Male,0,41,No,DSL,95.97,3691.03,No
CUST00476,Female,1,10,Yes,DSL,86.57,783.96,Yes
CUST00477,Female,1,12,Yes,Fiber optic,90.49,1046.03,No
CUST00478,Female,0,59,Yes,No,99.22,6409.78,No
CUST00479,Female,0,59,No,No,73.87,3828.38,No
CUST00480,Female,0,72,No,Fiber optic,80.44,5503.25,No
CUST00481,Female,1,7,Yes,Fiber optic,67.26,514.58,Yes
CUST00482,Male,0,3,Yes,Fiber optic,81.19,273.37,No
CUST00483,Male,0,14,No,Fiber optic,72.61,1130.7,No
CUST00484,Male,0,3,No,Fiber optic,71.07,223.59,Yes
CUST00485,Female,0,54,No,DSL,35.98,2088.3,No
CUST00486,Male,0,45,Yes,No,27.58,,No
CUST00487,Female,0,53,Yes,Fiber optic,24.7,910.44,No
CUST00488,Male,0,8,Yes,DSL,80.43,644.19,No
CUST00489,Male,0,12,Yes,Fiber optic,57.44,674.96,No
CUST00490,Female,0,69,Yes,Fiber optic,71.23,4559.37,No
CUST00491,Female,0,2,No,Fiber optic,77.22,168.91,No
CUST00492,Male,1,56,Yes,Fiber optic,61.57,3961.08,Yes
CUST00493,Male,0,7,No,DSL,99.02,662.06,No
CUST00494,Female,0,3,No,Fiber optic,109.96,305.41,Yes
CUST00495,Female,0,10,No,No,87.79,831.81,Yes
CUST00496,Male,0,60,Yes,Fiber optic,73.36,4014.69,No
CUST00497,Female,0,54,No,No,35.62,,No
CUST00498,Female,0,11,No,Fiber optic,104.09,1147.76,Yes
CUST00499,Male,0,13,Yes,No,57.08,764.09,No
CUST00500,Male,0,59,Yes,Fiber optic,66.77,3956.7,Yes
CUST00501,Male,0,12,Yes,DSL,55.31,661.34,No
CUST00502,Female,1,1,No,DSL,92.57,88.41,Yes
CUST00503,Female,0,4,Yes,Fiber optic,66.37,236.2,No
CUST00504,Female,0,7,Yes,Fiber optic,70.36,426.56,No
CUST00505,Female,1,34,Yes,No,50.86,1417.9,No
CUST00506,Female,0,37,Yes,DSL,45.94,1609.5,No
CUST00507,Female,0,42,No,Fiber optic,62.11,2963.31,No
CUST00508,Female,0,26,No,DSL,73.07,2002.05,No
CUST00509,Male,1,54,No,Fiber optic,74.06,3719.49,Yes
CUST00510,Male,1,38,Yes,DSL,79.0,3275.09,No
CUST00511,Male,1,29,No,DSL,58.2,1503.15,No
CUST00512,Male,0,68,Yes,DSL,21.73,1491.0,No
CUST00513,Male,0,6,No,No,79.49,464.92,Yes
CUST00514,Male,0,52,Yes,No,49.39,2837.1,No
CUST00515,Male,0,66,No,No,38.24,2086.88,No
CUST00516,Male,0,12,No,Fiber optic,45.17,501.54,Yes
CUST00517,Male,1,11,Yes,DSL,103.3,1068.47,Yes
CUST00518,Male,0,58,No,Fiber optic,48.23,2780.43,No
CUST00519,Female,1,51,No,Fiber optic,46.93,2519.23,No
CUST00520,Female,0,53,Yes,Fiber optic,72.79,4121.13,No
CUST00521,Male,1,8,Yes,DSL,109.31,826.93,Yes
CUST00522,Male,0,56,Yes,DSL,98.76,5898.3,No
CUST00523,Female,0,10,Yes,DSL,93.27,872.76,No
CUST00524,Female,0,51,No,DSL,77.88,3678.57,No
CUST00525,Male,1,8,No,Fiber optic,76.26,535.87,Yes
CUST00526,Female,0,9,Yes,Fiber optic,88.88,831.76,Yes
CUST00527,Male,1,46,Yes,No,87.45,4284.19,No
CUST00528,Male,1,2,Yes,Fiber optic,73.39,158.31,Yes
CUST00529,Female,0,57,No,DSL,68.16,,No
CUST00530,Male,0,12,Yes,Fiber optic,21.47,335.35,No
CUST00531,Male,0,56,No,Fiber optic,76.68,4271.61,No
CUST00532,Female,0,49,No,Fiber optic,27.42,1446.61,No
CUST00533,Female,0,15,Yes,No,93.45,1462.13,No
CUST00534,Male,0,44,No,Fiber optic,27.44,1243.46,No
CUST00535,Male,0,15,Yes,Fiber optic,74.37,1067.97,Yes
CUST00536,Male,0,11,No,Fiber optic,104.76,1137.04,Yes
CUST00537,Female,0,54,No,Fiber optic,35.53,,Yes
CUST00538,Male,1,10,Yes,Fiber optic,85.63,952.92,Yes
CUST00539,Female,0,63,No,DSL,66.55,4695.08,No
CUST00540,Female,0,28,No,DSL,28.78,867.57,No
CUST00541,Female,0,11,Yes,Fiber optic,72.49,839.29,Yes
CUST00542,Female,0,71,Yes,No,66.5,4416.04,No
CUST00543,Female,0,14,No,No,47.43,714.49,No
CUST00544,Male,1,46,Yes,DSL,66.62,3486.4,No
CUST00545,Male,0,33,Yes,Fiber optic,53.35,,No
CUST00546,Female,0,7,Yes,Fiber optic,87.48,608.89,Yes
CUST00547,Male,1,27,No,Fiber optic,25.93,651.62,No
CUST00548,Female,0,69,Yes,Fiber optic,56.6,3560.46,Yes
CUST00549,Male,0,37,Yes,No,80.25,3160.56,No
CUST00550,Female,0,63,Yes,Fiber optic,59.3,4010.45,No
CUST00551,Female,1,10,No,Fiber optic,80.93,,No
CUST00552,Female,0,1,Yes,No,86.39,77.76,No
CUST00553,Male,1,57,No,Fiber optic,37.7,2330.81,No
CUST00554,Male,0,57,No,DSL,64.24,4200.25,No
CUST00555,Male,0,1,Yes,No,74.85,80.72,No
CUST00556,Male,0,27,No,No,58.08,1499.84,No
CUST00557,Female,0,39,No,No,24.02,880.5,No
CUST00558,Female,1,60,Yes,Fiber optic,43.84,2785.02,No
CUST00559,Male,0,38,Yes,DSL,90.96,3357.5,No
CUST00560,Female,0,30,No,DSL,30.25,1147.28,No
CUST00561,Female,0,34,Yes,DSL,43.88,1708.67,No
CUST00562,Male,1,63,No,No,23.68,1136.58,No
CUST00563,Female,0,54,Yes,Fiber optic,62.47,,No
CUST00564,Female,0,5,No,No,82.34,368.64,Yes
CUST00565,Male,0,29,No,Fiber optic,74.01,2290.86,No
CUST00566,Male,1,1,No,Fiber optic,84.85,91.42,Yes
CUST00567,Female,0,5,Yes,DSL,60.47,291.97,No
CUST00568,Male,0,39,Yes,DSL,99.65,4069.45,No
CUST00569,Female,0,51,No,DSL,31.08,2075.6,No
CUST00570,Male,0,10,No,DSL,62.09,,No
CUST00571,Male,1,28,Yes,No,33.0,875.77,No
CUST00572,Female,0,4,Yes,Fiber optic,108.21,407.55,Yes
CUST00573,Male,0,34,No,No,81.83,2747.59,No
CUST00574,Male,1,57,No,No,86.02,5336.34,No
CUST00575,Male,0,34,Yes,Fiber optic,99.46,3480.2,Yes
CUST00576,Female,0,9,No,DSL,88.68,819.79,No
CUST00577,Female,0,0,No,DSL,61.99,,No
CUST00578,Female,0,38,Yes,No,26.4,1250.33,No
CUST00579,Female,0,3,Yes,DSL,62.43,213.06,No
CUST00580,Female,0,44,Yes,Fiber optic,59.09,2969.76,No
CUST00581,Female,0,6,No,Fiber optic,101.1,618.62,No
CUST00582,Female,0,12,No,No,87.58,1078.69,No
CUST00583,Female,0,65,Yes,DSL,88.29,6231.78,No
CUST00584,Male,0,38,No,Fiber optic,86.96,3318.83,No
CUST00585,Male,0,12,Yes,Fiber optic,76.84,977.57,Yes
CUST00586,Female,0,5,No,Fiber optic,70.47,358.36,No
CUST00587,Female,0,40,Yes,DSL,48.18,1677.46,No
CUST00588,Female,0,8,Yes,DSL,99.89,750.02,Yes
CUST00589,Female,0,6,Yes,Fiber optic,100.42,577.43,No
CUST00590,Female,0,1,Yes,Fiber optic,108.36,117.0,Yes
CUST00591,Male,0,9,Yes,Fiber optic,94.77,797.02,No
CUST00592,Female,0,5,No,No,69.23,340.6,No
CUST00593,Female,0,4,No,Fiber optic,85.16,372.04,Yes
CUST00594,Female,1,57,Yes,DSL,83.5,5293.99,Yes
CUST00595,Male,1,70,No,No,39.49,,Yes
CUST00596,Female,0,5,No,DSL,77.12,335.97,No
CUST00597,Female,1,10,No,Fiber optic,83.76,832.27,No
CUST00598,Female,1,12,No,Fiber optic,65.05,764.42,No
CUST00599,Female,1,0,Yes,DSL,77.0,,Yes
CUST00600,Female,0,36,No,Fiber optic,65.92,2350.93,No
CUST00601,Female,0,5,Yes,Fiber optic,82.11,397.97,Yes
CUST00602,Male,0,28,No,Fiber optic,90.16,2393.79,No
CUST00603,Female,0,31,No,Fiber optic,90.47,2817.49,No
CUST00604,Male,0,3,Yes,Fiber optic,109.36,350.31,Yes
CUST00605,Female,0,54,Yes,DSL,20.27,1623.33,No
CUST00606,Male,0,51,No,DSL,86.21,4851.11,No
CUST00607,Female,0,24,No,DSL,96.07,2236.07,No
CUST00608,Female,0,32,Yes,Fiber optic,87.72,2760.12,No
CUST00609,Male,0,1,Yes,Fiber optic,108.9,116.73,Yes
CUST00610,Male,0,59,Yes,DSL,47.7,2800.41,No
CUST00611,Female,0,9,No,Fiber optic,105.55,1006.53,Yes
CUST00612,Male,0,33,Yes,Fiber optic,85.2,2969.42,No
CUST00613,Female,0,45,Yes,DSL,45.8,1890.9,No
CUST00614,Male,0,10,No,Fiber optic,92.17,996.37,No
CUST00615,Male,0,43,Yes,DSL,77.83,3238.53,No
CUST00616,Male,0,63,No,DSL,93.87,6463.45,No
CUST00617,Male,0,15,No,Fiber optic,42.55,783.32,Yes
CUST00618,Female,0,10,No,Fiber optic,72.91,781.39,Yes
CUST00619,Male,0,11,No,DSL,67.84,695.1,No
CUST00620,Female,0,65,No,No,22.13,1746.33,No
CUST00621,Female,1,65,Yes,Fiber optic,31.25,1894.0,Yes
CUST00622,Male,0,59,Yes,DSL,60.08,3379.65,No
CUST00623,Male,0,34,No,DSL,55.83,,No
CUST00624,Female,0,11,No,Fiber optic,95.03,995.83,Yes
CUST00625,Female,0,40,No,Fiber optic,93.03,,No
CUST00626,Male,1,11,Yes,Fiber optic,60.69,770.04,No
CUST00627,Female,0,45,Yes,Fiber optic,84.46,4083.9,Yes
CUST00628,Male,1,67,Yes,DSL,89.57,5873.35,No
CUST00629,Female,0,14,No,No,86.58,1316.17,No
CUST00630,Female,0,27,No,DSL,42.52,1254.23,No
CUST00631,Female,0,46,Yes,Fiber optic,46.32,1852.44,No
CUST00632,Female,0,6,Yes,DSL,73.52,425.8,Yes
CUST00633,Female,0,47,No,DSL,85.28,3786.8,No
CUST00634,Female,0,11,Yes,No,98.11,1086.01,No
CUST00635,Female,0,5,No,Fiber optic,74.67,357.21,No
CUST00636,Female,0,45,No,DSL,20.18,616.23,No
CUST00637,Female,1,32,Yes,No,40.73,,No
CUST00638,Male,0,28,No,DSL,50.62,1154.58,No
CUST00639,Female,0,3,No,No,103.45,299.09,Yes
CUST00640,Female,0,22,Yes,DSL,35.88,646.18,No
CUST00641,Female,0,28,Yes,DSL,75.49,2083.12,No
CUST00642,Female,0,9,Yes,No,99.58,969.18,Yes
CUST00643,Male,0,3,Yes,DSL,64.8,201.29,No
CUST00644,Female,0,51,Yes,No,99.41,5150.66,No
CUST00645,Female,0,4,Yes,No,85.71,311.9,No
CUST00646,Male,0,3,No,Fiber optic,64.57,194.24,No
CUST00647,Male,0,45,No,Fiber optic,21.01,1290.44,No
CUST00648,Male,0,65,No,DSL,88.4,6149.38,No
CUST00649,Female,0,49,Yes,DSL,35.87,1431.39,No
CUST00650,Female,0,45,No,Fiber optic,94.73,3922.52,No
CUST00651,Female,1,45,No,DSL,58.87,2691.22,Yes
CUST00652,Female,0,27,No,DSL,32.51,1019.35,No
CUST00653,Male,0,28,Yes,Fiber optic,26.16,820.9,No
CUST00654,Female,0,64,No,Fiber optic,86.8,5802.75,No
CUST00655,Male,1,6,No,DSL,73.65,404.26,No
CUST00656,Male,0,12,No,Fiber optic,92.75,1188.19,No
CUST00657,Male,0,32,Yes,No,69.83,2166.42,No
CUST00658,Female,0,31,Yes,Fiber optic,72.72,2327.04,Yes
CUST00659,Female,1,66,Yes,DSL,21.79,1356.72,No
CUST00660,Female,0,3,Yes,DSL,97.97,299.69,Yes
CUST00661,Female,0,30,No,Fiber optic,64.7,1876.8,No
CUST00662,Female,0,1,Yes,No,72.39,78.93,No
CUST00663,Female,0,2,No,DSL,75.11,137.45,Yes
CUST00664,Male,1,3,Yes,Fiber optic,107.94,294.17,Yes
CUST00665,Male,0,4,No,Fiber optic,66.06,265.48,No
CUST00666,Female,0,65,Yes,Fiber optic,94.79,6123.92,No
CUST00667,Male,0,0,No,Fiber optic,67.23,,No
CUST00668,Female,1,64,No,DSL,73.5,4239.56,No
CUST00669,Female,1,47,No,DSL,33.63,1137.38,No
CUST00670,Male,0,15,Yes,Fiber optic,35.31,524.92,Yes
CUST00671,Male,1,3,No,No,108.78,348.24,Yes
CUST00672,Male,0,24,Yes,Fiber optic,95.53,2269.22,No
CUST00673,Female,0,12,No,No,38.04,496.67,No
CUST00674,Female,0,11,No,Fiber optic,69.64,847.71,Yes
CUST00675,Male,0,10,No,Fiber optic,79.91,772.82,Yes
CUST00676,Female,1,68,No,Fiber optic,31.22,2380.72,Yes
CUST00677,Male,0,58,No,Fiber optic,86.49,4713.06,Yes
CUST00678,Female,0,50,Yes,DSL,70.04,3252.12,No
CUST00679,Female,0,5,Yes,DSL,62.26,272.44,No
CUST00680,Female,0,23,No,DSL,83.01,2119.77,No
CUST00681,Male,0,9,No,Fiber optic,68.97,709.84,No
CUST00682,Female,0,19,No,Fiber optic,97.82,1712.29,Yes
CUST00683,Female,0,44,Yes,Fiber optic,98.11,4563.88,No
CUST00684,Female,0,2,No,DSL,97.8,190.48,No
CUST00685,Female,0,5,Yes,DSL,85.5,389.47,Yes
CUST00686,Female,0,4,Yes,No,106.11,440.41,Yes
CUST00687,Male,0,6,No,Fiber optic,79.42,525.87,Yes
CUST00688,Male,1,40,Yes,Fiber optic,30.25,1440.18,No
CUST00689,Male,0,23,Yes,Fiber optic,32.95,,No
CUST00690,Male,0,58,Yes,Fiber optic,96.0,6001.38,No
CUST00691,Male,0,62,No,Fiber optic,49.2,2897.8,No
CUST00692,Male,0,3,No,DSL,68.05,194.12,No
CUST00693,Female,0,37,No,Fiber optic,45.15,1790.97,No
CUST00694,Female,0,5,Yes,Fiber optic,89.39,445.08,Yes
CUST00695,Male,1,10,Yes,Fiber optic,68.02,598.54,No
CUST00696,Male,1,2,No,No,66.87,135.23,Yes
CUST00697,Female,0,63,No,DSL,73.67,4731.76,No
CUST00698,Female,0,39,No,No,49.23,1886.84,No
CUST00699,Male,0,11,Yes,No,96.0,1074.69,Yes
CUST00700,Female,0,22,Yes,No,80.08,,No
CUST00701,Male,0,18,Yes,No,98.26,,No
CUST00702,Female,0,66,Yes,Fiber optic,96.66,6845.81,Yes
CUST00703,Female,0,72,No,DSL,24.88,1197.86,No
CUST00704,Male,0,5,Yes,Fiber optic,91.14,436.09,Yes
CUST00705,Female,0,16,Yes,DSL,94.38,1369.47,No
CUST00706,Male,1,14,No,Fiber optic,45.87,676.16,Yes
CUST00707,Female,0,41,No,DSL,26.28,864.87,No
CUST00708,Female,0,30,Yes,Fiber optic,50.73,,No
CUST00709,Female,0,8,No,Fiber optic,69.09,490.97,No
CUST00710,Female,0,5,Yes,Fiber optic,90.68,462.06,Yes
CUST00711,Male,1,11,Yes,DSL,88.41,935.97,Yes
CUST00712,Male,1,66,No,Fiber optic,74.2,4784.37,No
CUST00713,Female,0,50,No,No,52.34,2631.78,No
CUST00714,Male,0,22,No,Fiber optic,94.08,2234.11,No
CUST00715,Male,0,31,No,No,85.7,2578.58,No
CUST00716,Male,1,2,No,DSL,109.31,208.8,No
CUST00717,Female,1,7,Yes,No,78.18,488.06,No
CUST00718,Female,0,35,No,No,23.6,777.67,No
CUST00719,Male,1,15,Yes,Fiber optic,68.0,1106.56,Yes
CUST00720,Female,0,6,No,DSL,81.07,484.96,Yes
CUST00721,Male,0,5,Yes,DSL,80.36,409.6,No
CUST00722,Female,0,1,Yes,No,82.19,86.54,No
CUST00723,Male,0,7,Yes,DSL,106.32,782.32,No
CUST00724,Male,0,62,No,No,98.57,5945.66,No
CUST00725,Female,0,62,No,Fiber optic,70.56,4598.0,No
CUST00726,Female,0,67,No,DSL,49.88,3390.51,No
CUST00727,Male,0,2,Yes,DSL,60.68,116.91,No
CUST00728,Female,0,37,No,DSL,69.05,2764.67,No
CUST00729,Female,1,47,Yes,Fiber optic,97.53,4871.61,No
CUST00730,Male,0,0,No,DSL,65.49,,No
CUST00731,Male,1,24,No,No,56.54,1199.68,Yes
CUST00732,Female,0,3,Yes,No,83.92,253.84,Yes
CUST00733,Female,0,53,Yes,No,43.13,1818.56,No
CUST00734,Male,0,67,No,DSL,96.8,6292.42,No
CUST00735,Female,0,66,Yes,Fiber optic,60.62,3672.04,No
CUST00736,Female,0,30,Yes,DSL,51.58,1535.78,No
CUST00737,Male,0,32,Yes,Fiber optic,66.25,2215.44,No
CUST00738,Male,0,71,No,DSL,35.57,2551.57,No
CUST00739,Male,1,1,Yes,DSL,93.26,,Yes
CUST00740,Female,0,8,Yes,DSL,61.8,522.91,No
CUST00741,Male,0,41,No,No,63.75,2380.34,No
CUST00742,Male,0,18,No,Fiber optic,90.98,1570.41,No
CUST00743,Female,0,3,No,DSL,96.76,276.26,Yes
CUST00744,Female,0,10,Yes,DSL,70.75,778.73,Yes
CUST00745,Female,0,12,No,DSL,51.41,498.8,No
CUST00746,Female,1,55,Yes,Fiber optic,46.36,2707.97,Yes
CUST00747,Male,0,16,No,DSL,73.67,1107.62,No
CUST00748,Male,0,53,Yes,No,87.41,4253.44,No
CUST00749,Male,1,10,No,DSL,82.59,734.52,Yes
CUST00750,Female,0,1,No,DSL,85.22,77.97,Yes
CUST00751,Male,1,9,Yes,No,107.68,919.02,Yes
CUST00752,Female,0,12,Yes,Fiber optic,47.67,612.47,No
CUST00753,Male,0,0,No,Fiber optic,89.65,,No
CUST00754,Female,0,68,No,Fiber optic,98.17,7239.59,No
CUST00755,Male,0,58,Yes,No,67.32,4100.67,No
CUST00756,Male,0,8,Yes,DSL,73.72,,Yes
CUST00757,Male,1,3,No,No,101.94,289.03,Yes
CUST00758,Female,1,40,Yes,Fiber optic,35.67,1501.71,No
CUST00759,Male,1,70,Yes,Fiber optic,97.14,7430.64,Yes
CUST00760,Male,0,3,Yes,No,60.71,189.22,No
CUST00761,Female,0,21,Yes,DSL,37.56,886.19,No
CUST00762,Female,1,5,No,Fiber optic,83.28,410.54,No
CUST00763,Female,1,5,No,DSL,81.13,450.37,No
CUST00764,Female,1,29,No,No,82.18,2173.78,Yes
CUST00765,Male,0,10,Yes,Fiber optic,62.9,668.3,Yes
CUST00766,Female,1,9,No,Fiber optic,70.07,546.86,Yes
CUST00767,Male,0,9,Yes,DSL,84.03,819.71,Yes
CUST00768,Female,0,3,No,DSL,97.27,317.96,Yes
CUST00769,Male,0,27,Yes,No,59.68,1664.55,No
CUST00770,Female,0,16,No,Fiber optic,27.14,,No
CUST00771,Male,0,27,No,Fiber optic,93.29,2708.3,Yes
CUST00772,Female,1,49,No,Fiber optic,74.35,3414.35,No
CUST00773,Male,1,57,Yes,No,38.97,2421.16,Yes
CUST00774,Female,0,11,No,DSL,88.2,891.45,No
CUST00775,Female,0,0,Yes,No,60.75,,No
CUST00776,Female,0,34,Yes,DSL,75.11,2846.1,No
CUST00777,Male,0,8,No,Fiber optic,76.54,,No
CUST00778,Female,0,44,Yes,DSL,87.96,3858.8,No
CUST00779,Female,0,10,Yes,No,91.77,1003.67,Yes
CUST00780,Male,0,2,Yes,DSL,91.43,181.95,No
CUST00781,Male,1,26,No,Fiber optic,31.3,766.87,Yes
CUST00782,Female,1,33,Yes,Fiber optic,44.85,1708.54,No
CUST00783,Male,0,64,No,DSL,23.51,1110.89,No
CUST00784,Female,0,25,No,No,79.79,2210.65,No
CUST00785,Female,0,12,Yes,DSL,72.45,853.38,No
CUST00786,Male,0,70,Yes,No,58.79,3612.87,No
CUST00787,Male,0,34,Yes,No,85.28,2636.66,No
CUST00788,Female,0,2,Yes,Fiber optic,95.65,178.92,No
CUST00789,Male,0,63,No,Fiber optic,42.66,2087.74,No
CUST00790,Male,0,48,Yes,No,55.06,2770.45,No
CUST00791,Female,0,53,No,DSL,33.94,,No
CUST00792,Female,0,55,Yes,Fiber optic,47.74,2709.23,No
CUST00793,Male,0,39,No,DSL,98.81,4065.66,No
CUST00794,Male,0,0,No,Fiber optic,108.73,,Yes
CUST00795,Female,1,56,Yes,DSL,66.57,3384.15,No
CUST00796,Female,0,41,Yes,No,20.37,592.87,No
CUST00797,Male,1,9,No,No,102.5,973.95,Yes
CUST00798,Male,0,35,No,No,25.82,659.66,No
CUST00799,Male,0,35,Yes,No,80.66,2980.26,No
CUST00800,Male,0,24,No,Fiber optic,99.85,2593.17,No
CUST00801,Male,0,0,No,DSL,67.05,,No
CUST00802,Female,0,15,Yes,Fiber optic,72.87,1183.77,No
CUST00803,Male,0,9,Yes,Fiber optic,108.78,1068.17,Yes
CUST00804,Female,0,17,Yes,DSL,31.82,641.86,No
CUST00805,Female,0,4,No,DSL,71.38,256.87,Yes
CUST00806,Female,0,34,Yes,DSL,61.57,2158.22,No
CUST00807,Male,1,33,Yes,Fiber optic,60.11,1871.29,No
CUST00808,Female,0,7,Yes,No,67.74,477.62,No
CUST00809,Female,0,10,No,No,74.66,678.91,Yes
CUST00810,Male,0,1,Yes,DSL,98.04,98.47,Yes
CUST00811,Male,0,34,No,DSL,21.89,588.77,No
CUST00812,Female,1,71,No,No,92.32,7050.97,Yes
CUST00813,Female,0,35,Yes,No,80.81,3007.51,No
CUST00814,Male,0,6,No,DSL,102.25,583.63,Yes
CUST00815,Male,0,69,Yes,DSL,40.74,2725.76,No
CUST00816,Female,0,53,Yes,Fiber optic,95.13,4661.93,No
CUST00817,Female,0,68,Yes,DSL,56.43,4183.88,No
CUST00818,Male,0,11,Yes,Fiber optic,83.62,915.68,No
CUST00819,Male,0,59,Yes,Fiber optic,61.0,3295.93,Yes
CUST00820,Female,0,71,Yes,DSL,91.8,6218.63,No
CUST00821,Male,0,6,Yes,DSL,89.2,505.64,Yes
CUST00822,Female,0,9,Yes,Fiber optic,83.26,743.45,No
CUST00823,Male,0,12,Yes,DSL,66.46,784.89,No
CUST00824,Female,0,3,Yes,DSL,60.81,208.73,No
CUST00825,Female,0,22,No,Fiber optic,46.54,836.78,No
CUST00826,Female,1,18,Yes,Fiber optic,49.42,798.82,Yes
CUST00827,Female,1,12,No,DSL,38.51,363.58,No
CUST00828,Male,0,46,No,Fiber optic,28.26,1100.03,Yes
CUST00829,Female,0,16,Yes,DSL,77.79,1101.47,No
CUST00830,Male,0,36,Yes,Fiber optic,38.39,1333.98,Yes
CUST00831,Male,0,7,Yes,Fiber optic,65.22,524.5,No
CUST00832,Male,0,64,No,DSL,39.53,1964.99,No
CUST00833,Male,1,4,No,DSL,67.09,249.27,No
CUST00834,Female,0,21,No,No,68.37,1645.27,No
CUST00835,Male,0,55,No,Fiber optic,28.47,1282.01,No
CUST00836,Male,0,27,No,Fiber optic,33.3,757.79,Yes
CUST00837,Female,1,60,No,Fiber optic,24.55,1428.51,No
CUST00838,Female,0,18,Yes,Fiber optic,74.3,1503.08,Yes
CUST00839,Female,1,68,No,Fiber optic,59.67,4669.04,No
CUST00840,Male,1,1,Yes,Fiber optic,61.85,57.74,Yes
CUST00841,Male,0,8,No,DSL,64.19,512.71,No
CUST00842,Male,1,7,No,No,76.83,512.81,Yes
CUST00843,Female,0,2,Yes,Fiber optic,79.87,163.18,No
CUST00844,Male,1,12,Yes,DSL,79.53,1064.58,No
CUST00845,Female,0,53,No,Fiber optic,34.59,1954.34,Yes
CUST00846,Female,0,20,Yes,DSL,88.75,1937.56,No
CUST00847,Female,0,21,No,Fiber optic,61.89,1226.82,No
CUST00848,Male,0,0,No,No,107.98,,No
CUST00849,Female,0,38,Yes,DSL,59.36,2201.55,No
CUST00850,Female,0,29,No,No,62.4,1884.56,No
CUST00851,Female,1,4,No,Fiber optic,76.08,337.19,Yes
CUST00852,Female,0,37,Yes,DSL,50.33,2039.57,No
CUST00853,Female,0,6,Yes,DSL,94.23,540.0,No
CUST00854,Male,1,9,No,Fiber optic,96.37,832.48,Yes
CUST00855,Male,0,11,Yes,DSL,66.21,750.98,No
CUST00856,Female,0,12,No,DSL,46.25,452.47,No
CUST00857,Male,0,18,No,No,42.58,632.15,No
CUST00858,Female,0,70,Yes,Fiber optic,42.45,3213.63,No
CUST00859,Male,0,64,No,No,89.59,6282.65,No
CUST00860,Male,0,15,Yes,DSL,55.98,855.1,No
CUST00861,Female,0,19,Yes,No,33.46,824.29,No
CUST00862,Male,0,20,Yes,No,70.33,1331.02,No
CUST00863,Male,0,12,No,DSL,37.47,439.82,No
CUST00864,Male,0,22,No,Fiber optic,68.73,1612.15,No
CUST00865,Female,0,14,Yes,Fiber optic,27.92,452.57,No
CUST00866,Female,0,29,No,DSL,30.28,680.12,No
CUST00867,Male,0,9,Yes,Fiber optic,96.48,927.62,Yes
CUST00868,Female,0,4,Yes,Fiber optic,108.41,396.11,No
CUST00869,Male,0,1,Yes,Fiber optic,79.72,80.81,No
CUST00870,Male,1,3,No,No,108.77,314.23,Yes
CUST00871,Female,0,3,No,Fiber optic,83.91,254.08,No
CUST00872,Female,1,54,Yes,DSL,69.57,3425.04,No
CUST00873,Male,0,9,Yes,Fiber optic,77.57,,No
CUST00874,Female,0,4,Yes,DSL,104.67,396.21,No
CUST00875,Female,0,6,Yes,No,109.62,618.67,Yes
CUST00876,Female,0,9,No,No,69.8,546.55,No
CUST00877,Female,1,57,Yes,No,27.56,,No
CUST00878,Female,0,33,No,No,57.53,,No
CUST00879,Female,0,7,Yes,Fiber optic,74.61,537.22,No
CUST00880,Male,0,28,Yes,Fiber optic,63.54,1889.07,No
CUST00881,Female,0,9,Yes,DSL,71.41,715.41,Yes
CUST00882,Male,0,50,No,Fiber optic,94.87,4443.52,No
CUST00883,Female,1,5,No,Fiber optic,61.14,321.17,Yes
CUST00884,Female,0,5,Yes,No,92.2,497.37,Yes
CUST00885,Male,0,3,No,DSL,95.44,315.25,Yes
CUST00886,Male,0,21,No,DSL,22.42,265.39,No
CUST00887,Male,0,34,Yes,DSL,91.53,3221.04,No
CUST00888,Female,1,60,No,Fiber optic,52.06,2985.25,No
CUST00889,Male,1,7,No,No,100.39,671.32,Yes
CUST00890,Female,0,3,No,No,65.92,,No
CUST00891,Male,0,3,Yes,DSL,88.08,243.0,Yes
CUST00892,Female,0,11,No,Fiber optic,68.59,796.01,Yes
CUST00893,Female,0,69,Yes,Fiber optic,25.55,1778.11,No
CUST00894,Male,0,18,Yes,DSL,78.51,1571.87,No
CUST00895,Male,0,57,No,DSL,54.28,2591.33,No
CUST00896,Female,0,37,Yes,Fiber optic,75.14,2670.0,No
CUST00897,Female,0,14,No,Fiber optic,82.16,1259.58,Yes
CUST00898,Male,0,64,Yes,Fiber optic,44.82,3473.6,Yes
CUST00899,Male,0,36,Yes,No,22.07,897.57,No
CUST00900,Female,0,54,No,DSL,69.1,3628.66,No
CUST00901,Female,1,44,No,DSL,49.98,1996.42,No
CUST00902,Female,0,18,Yes,Fiber optic,97.16,1757.67,No
CUST00903,Female,1,37,Yes,DSL,49.78,1928.88,No
CUST00904,Female,1,25,Yes,Fiber optic,96.54,2348.5,No
CUST00905,Male,0,2,Yes,DSL,78.95,166.31,Yes
CUST00906,Female,0,12,Yes,Fiber optic,59.72,629.82,Yes
CUST00907,Female,0,12,Yes,DSL,84.16,1040.68,No
CUST00908,Female,1,43,Yes,DSL,61.78,2362.44,No
CUST00909,Female,0,19,No,Fiber optic,74.0,1400.15,Yes
CUST00910,Female,0,45,No,DSL,85.32,4217.66,No
CUST00911,Female,0,4,Yes,DSL,65.13,299.83,No
CUST00912,Female,0,45,Yes,Fiber optic,88.22,3944.37,No
CUST00913,Female,0,26,Yes,DSL,57.58,1639.54,No
CUST00914,Male,0,68,No,Fiber optic,59.36,3841.33,Yes
CUST00915,Female,1,19,Yes,DSL,59.48,1135.11,Yes
CUST00916,Female,0,55,No,DSL,90.43,5270.44,No
CUST00917,Female,0,34,Yes,DSL,76.61,2435.67,No
CUST00918,Male,0,27,Yes,DSL,49.54,1291.33,No
CUST00919,Male,0,20,Yes,Fiber optic,22.6,541.05,No
CUST00920,Female,1,43,No,DSL,54.35,2676.08,No
CUST00921,Male,0,7,No,Fiber optic,94.42,696.02,Yes
CUST00922,Female,0,34,No,Fiber optic,53.52,1799.5,No
CUST00923,Female,0,13,No,Fiber optic,46.35,568.33,No
CUST00924,Male,0,62,Yes,No,70.93,4749.18,No
CUST00925,Female,0,25,Yes,Fiber optic,57.46,1324.31,No
CUST00926,Male,0,50,No,Fiber optic,62.65,3066.63,No
CUST00927,Male,0,10,No,Fiber optic,70.79,609.28,No
CUST00928,Female,0,1,Yes,DSL,83.95,74.72,Yes
CUST00929,Male,0,17,No,Fiber optic,30.12,389.63,No
CUST00930,Female,0,11,No,Fiber optic,85.49,946.32,No
CUST00931,Female,0,16,Yes,DSL,62.32,935.03,No
CUST00932,Female,0,35,Yes,DSL,97.05,3326.45,No
CUST00933,Male,0,10,No,No,89.08,,Yes
CUST00934,Female,0,48,No,DSL,91.45,4036.34,No
CUST00935,Male,0,8,No,DSL,106.62,784.0,Yes
CUST00936,Female,0,68,Yes,DSL,63.91,4030.76,No
CUST00937,Male,0,27,Yes,No,42.71,1106.03,No
CUST00938,Male,1,1,Yes,Fiber optic,76.77,81.64,Yes
CUST00939,Female,0,54,Yes,DSL,99.67,5544.71,No
CUST00940,Female,0,72,No,DSL,69.97,4343.21,No
CUST00941,Male,0,42,Yes,Fiber optic,42.51,1653.79,Yes
CUST00942,Female,0,52,Yes,Fiber optic,59.45,3110.2,No
CUST00943,Male,0,7,No,DSL,67.22,511.43,No
CUST00944,Male,0,65,No,Fiber optic,81.65,5853.6,No
CUST00945,Female,0,59,No,DSL,70.7,4537.96,No
CUST00946,Male,1,56,No,No,79.68,4068.63,No
CUST00947,Male,0,2,Yes,DSL,109.71,221.37,Yes
CUST00948,Male,0,5,Yes,DSL,99.89,549.44,No
CUST00949,Male,0,25,No,DSL,26.76,458.62,No
CUST00950,Male,0,18,No,Fiber optic,74.74,1347.42,No
CUST00951,Male,0,10,No,Fiber optic,91.31,962.75,No
CUST00952,Female,0,64,Yes,DSL,92.15,5570.17,No
CUST00953,Male,1,10,Yes,Fiber optic,99.72,1011.85,No
CUST00954,Female,0,29,Yes,DSL,98.07,2979.92,No
CUST00955,Female,0,10,Yes,Fiber optic,99.7,964.57,Yes
CUST00956,Female,0,3,Yes,Fiber optic,81.95,222.1,Yes
CUST00957,Female,0,35,Yes,DSL,75.59,2704.79,No
CUST00958,Male,1,9,No,DSL,61.96,609.9,Yes
CUST00959,Female,0,2,Yes,Fiber optic,104.46,227.47,No
CUST00960,Female,1,4,Yes,DSL,105.93,413.08,Yes
CUST00961,Female,1,17,No,Fiber optic,39.31,503.71,Yes
CUST00962,Female,0,50,Yes,No,75.88,3614.14,No
CUST00963,Female,0,12,No,Fiber optic,38.05,434.12,No
CUST00964,Female,0,15,No,DSL,89.0,1325.65,No
CUST00965,Male,0,28,No,DSL,31.22,688.94,No
CUST00966,Male,0,62,Yes,Fiber optic,33.28,1823.05,No
CUST00967,Female,0,6,Yes,DSL,66.04,357.54,No
CUST00968,Male,0,68,No,Fiber optic,89.32,5424.45,No
CUST00969,Female,1,3,Yes,No,107.5,298.07,Yes
CUST00970,Male,1,48,No,No,80.75,,No
CUST00971,Male,1,15,Yes,No,51.92,862.47,No
CUST00972,Male,0,38,No,No,24.08,1174.2,No
CUST00973,Female,0,26,No,No,20.13,549.46,No
CUST00974,Male,1,2,No,Fiber optic,75.3,143.94,No
CUST00975,Female,0,6,No,DSL,72.44,464.4,Yes
CUST00976,Male,1,11,No,Fiber optic,91.91,983.79,No
CUST00977,Male,1,46,Yes,DSL,53.38,2686.64,No
CUST00978,Male,0,12,Yes,Fiber optic,69.66,938.05,No
CUST00979,Male,0,12,No,DSL,40.98,432.03,No
CUST00980,Male,0,37,Yes,Fiber optic,89.87,3616.7,No
CUST00981,Male,0,21,Yes,DSL,61.69,1398.66,No
CUST00982,Male,0,48,No,No,48.43,2405.62,No
CUST00983,Female,0,7,Yes,DSL,87.64,604.68,No
CUST00984,Male,1,44,Yes,DSL,57.58,2750.45,No
CUST00985,Female,0,9,No,Fiber optic,64.23,549.03,Yes
CUST00986,Male,0,63,Yes,No,90.07,5509.26,No
CUST00987,Female,0,67,Yes,Fiber optic,76.41,4833.42,No
CUST00988,Male,0,53,No,No,92.11,4744.45,No
CUST00989,Male,0,16,No,Fiber optic,79.64,1172.82,No
CUST00990,Female,0,42,No,Fiber optic,31.88,1009.95,Yes
CUST00991,Female,0,64,Yes,DSL,28.47,,No
CUST00992,Male,0,37,Yes,Fiber optic,36.56,1504.58,No
CUST00993,Male,0,0,Yes,DSL,97.34,,Yes
CUST00994,Female,0,8,No,Fiber optic,65.66,464.07,No
CUST00995,Female,1,7,Yes,DSL,94.81,646.26,No
CUST00996,Female,0,0,No,Fiber optic,66.34,,No
CUST00997,Female,0,5,Yes,DSL,72.47,403.57,No
CUST00998,Male,0,65,No,No,87.57,5576.76,No
CUST00999,Female,0,63,Yes,No,58.53,4108.44,No
CUST01000,Female,0,61,Yes,Fiber optic,96.79,6273.18,Yes
